sigla;evento;Qualis_Final;
<'Programming'>;International Conference on the Art, Science, and Engineering of Programming;B3;
3DOR;Eurographics Workshop on 3D Object Retrieval;B3;
3DUI;IEEE Symposium on 3D User Interfaces;A3;
3DV;International Conference on 3D Vision;A1;
3ICT;International Conference on Innovation and Intelligence for Informatics, Computing, and Technologies;B2;
5GWF;IEEE 5G World Forum;B1;
A-TEST;International Workshop on Automating Test Case Design, Selection and Evaluation;B2;
AAAI;AAAI Conference on Artificial Intelligence;A1;
AAMAS;International Conference on Autonomous Agents and Multiagent Systems;A1;
ABZ;International ABZ Conference ASM, Alloy, B, TLA, VDM, Z;B3;
AC-IADIS;IADIS International Conference on Applied Computing;B4;
ACC;American Control Conference;A1;
ACCV;Asian Conference on Computer Vision;A1;
ACE;International Conference on Advances in Computer Entertainment Technology;B2;
ACHI-IARIA;IARIA International Conference on Advances in Computer-Human Interactions;B4;
ACII;International Conference on Affective Computing and Intelligent Interaction;A4;
ACIRS;Asia-Pacific Conference on Intelligent Robot Systems;B2;
ACISP;Australasian Conference on Information Security and Privacy;A4;
ACIVS;Advanced Concepts for Intelligent Vision Systems;A4;
ACL;Annual Meeting of the Association for Computational Linguistics;A1;
ACM CC;Creativity & Cognition;B1;
ACM CHI PLAY;Annual Symposium on Computer-Human Interaction in Play;A2;
ACM IMX;ACM International Conference on Interactive Media Experiences;A3;
ACMIDC;ACM Internacional Conference on Interaction Design and Children;A2;
ACMMM;ACM International Conference on Multimedia;A1;
ACMSOCC;ACM Symposium on Cloud Computing;A2;
ACNS;Applied Cryptography and Network Security;A3;
ACRA;Australasian Conference on Robotics and Automation;B4;
ACSAC;Computer Security Applications Conference;A2;
ADBIS;East European Conference on Advances in Databases and Information Systems;A4;
ADHOC-NOW;International Conference on Ad-Hoc Networks and Wireless;B2;
ADMS;International Workshop on Accelerating Analytics and Data Management Systems Using Modern Processor and Storage Architectures;B4;
ADVANCE;International Workshop on Advances in ICT Infrastructures and Services;B4;
AES;International Convention of the Audio Engineering Society;B3;
AES-ICSA;AES International Conference on Semantic Audio;B1;
AFRICACRYPT;International Conference on Cryptology in Africa;A4;
AGILEGIS;Conference on Geographic Information Science;B3;
AH;Augmented Human International Conference;A3;
AHS;NASA/ESA Conference on Adaptive Hardware and Systems;B2;
AI;Canadian Conference on Artificial Intelligence;B1;
AIC;International Workshop on Artificial Intelligence and Cognition;B4;
AICCSA;ACS/IEEE International Conference on Computer Systems and Applications;A4;
AICT;International Conference on Application of Information and Communication Technologies;B1;
AICT-IARIA;IARIA Advanced International Conference on Telecommunications;B4;
AIED;International Conference on Artificial Intelligence in Education;A3;
AIES;AAAI/ACM Conference on AI, Ethics, and Society;A2;
AIIDE;AAAI Conference on Artificial Intelligence and Interactive Digital Entertainment;A3;
AIM;IEEE/ASME International Conference on Advanced Intelligent Mechatronics;A4;
AIME;Conference on Artificial Intelligence in Medicine;B3;
AIML;Advances in Modal Logic;B2;
AIMS;International Conference on Autonomous Infrastructure, Management and Security;B3;
AINA;IEEE International Conference on Advanced Information Networking and Applications;A3;
AINAW;IEEE International Conference on Advanced Information Networking and Applications Workshops;B3;
AIPR;Applied Imagery Pattern Recognition Workshop;B1;
AISTATS;International Conference on Artificial Intelligence and Statistics;A1;
AITest;IEEE International Conference On Artificial Intelligence Testing;B2;
AITM;Conference on Advanced Information Technologies for Management;B4;
AlCoB;International Conference on Algorithms for Computational Biology;B2;
ALENEX;SIAM Symposium on Algorithm Engineering and Experiments;A4;
ALIO/EURO;Joint ALIO/EURO International Conference on Applied Combinatorial Optimization;B4;
ALLERTON;Allerton Conference on Communication, Control, and Computing;A2;
AMCIS;Americas Conference on Information Systems;A2;
AMD;Workshop on Analysis of Movement Data;B4;
AMIA;Annual Symposium of the American Medical Informatics Association;A2;
AMW;Alberto Mendelzon International Workshop on Foundations of Data Management;B1;
ANCS;ACM/IEEE Symposium on Architectures for Networking and Communications Systems;A4;
ANPPOM;Congresso da Associação Nacional de Pesquisa e Pós-Graduação em Música;B3;
ANSS;Annual Simulation Symposium;B2;
ANT;International Conference on Ambient Systems, Networks and Technologies;B4;
ANTS;IEEE International Conference on Advanced Networks and Telecommuncations Systems;B1;
APCCAS;IEEE Asia Pacific Conference on Circuits and Systems;B1;
APKC;ACM on ASIA Public-Key Cryptography Workshop;B3;
APLAS;Asian Symposium on Programming Languages and Systems;A4;
APNOMS;Asia-Pacific Network Operations and Management Symposium;A4;
APPROX-RANDOM;International Conference on Approximation Algorithms for Combinatorial Optimization Problems;A3;
APWEB;Asia-Pacific Web Conference;B2;
ARC;International Symposium on Applied Reconfigurable Computing;B1;
ARCS;International Conference on Architecture of Computing Systems;B2;
ARES;International Conference on Availability, Reliability and Security;A2;
ARIC;International Workshop on Intelligent and Resilient Cities;B4;
ARM;Workshop on Adaptive and Reflective Middleware;B4;
ARSO;IEEE Workshop on Advanced Robotics and its Social Impacts;B2;
ASAP;IEEE International Conference on Application-specific Systems, Architectures and Processors;A4;
ASE;IEEE/ACM International Conference on Automated Software Engineering;A1;
ASIACCS;ACM ASIA Symposium on Information, Computer and Communications Security;A1;
ASIACRYPT;Annual International Conference on the Theory and Applications of Cryptology and Information Security;A1;
ASID;International Conference on Anti-counterfeiting, Security, and Identification in Communication;B3;
ASMS;Advanced Satellite Multimedia Systems Conference;B4;
ASONAM;IEEE/ACM International Conference on Advances in Social Networks Analysis and Mining;A2;
ASP-DAC;Asia and South Pacific Design Automation Conference;A2;
ASPLOS;International Conference on Architectural Support for Programming Languages and Operating Systems;A1;
ASPRS;Annual Conference and International Lidar Mapping Forum;B4;
ASSETS;International ACM SIGACCESS Conference on Computers and Accessibility;A2;
AST;IEEE/ACM International Workshop on Automation of Software Testing;B3;
ASWEC;Australasian Software Engineering Conference;B3;
ASYNC;IEEE International Symposium on Asynchronous Circuits and Systems;B2;
ATC;USENIX Annual Technical Conference;A1;
Atech;International Conference on Agreement Technologies;B3;
ATS;Asian Test Symposium;B2;
ATT;International Workshop on Agents in Traffic and Transportation;B4;
AUDIOMOSTLY;Audio Mostly Conference;B1;
AusDM;Australasian Data Mining Conference;B3;
AVI;International Working Conference on Advanced Visual Interfaces;A4;
AVSS;IEEE International Conference on Advanced Video and Signal Based Surveillance;A2;
BCB;ACM International Conference on Bioinformatics, Computational Biology, and Health Informatics;A2;
BCS-HCI;Conference of the British Computer Society Human Computer Interaction Specialist Group;B1;
BDCAT;IEEE/ACM International Conference on Big Data Computing, Applications and Technologies;B1;
BDCLOUD;International Conference on Big Data and Cloud Computing;A4;
BENCH;International Symposium on Benchmarking, Measuring and Optimization;B2;
BESC;International Conference on Behavior, Economic and Social Computing;B3;
BIATA;Bioinformatics: from Algorithms to Applications;B3;
BIBE;IEEE International Conference on BioInformatics and BioEngineering;A3;
BIBM;IEEE International Conference on Bioinformatics and Biomedicine;A2;
BICT;EAI International Conference on Bio-inspired Information an Communications Technologies;B2;
BIGDATA;IEEE International Conference on Big Data;A1;
BigDataSE;IEEE International Conference On Big Data Science And Engineering;A3;
BIGDATASERVICE;IEEE International Conference on Big Data Computing Service and Applications;A4;
BIGDSE;IEEE/ACM International Workshop on Big Data Software Engineering;B2;
BigSpatial;ACM SIGSPATIAL International Workshop on Analytics for Big Geospatial Data;B3;
BioCOMP-WC;International Conference on Bioinformatics & Computational Biology;B2;
BioRob;IEEE RAS & EMBS International Conference on Biomedical Robotics and Biomechatronics;A3;
BIOSENSORS;World Congress on Biosensors;B4;
BIS;International Conference on Business Information Systems;A4;
BLACKSEACOM;IEEE International Black Sea Conference on Communications and Networking;A4;
BLOCKCHAIN;IEEE International Conference on Blockchain;A4;
BMEI;International Conference BioMedical Engineering and Informatics;A4;
BMVC;British Machine Vision Conference;A1;
BPM;International Conference on Business Process Management;A2;
BPMS2;Workshop on Social and Human Aspects of Business Process Management;B4;
BRACIS;Brazilian Conference on Intelligent Systems;A4;
BRAHUR;Brazilian Humanoid Robot Workshop;B4;
BRAINS;Blockchain, Robotics and AI for Networking Security Conference;B4;
BRASERO;Brazilian Workshop on Service Robotics;B4;
BRASNAM;Brazilian Workshop on Social Network Analysis and Mining;B4;
BRESCI;Brazilian e-Science Workshop;B4;
BSB;Brazilian Symposium on Bioinformatics;B1;
BSN;IEEE-EMBS International Conference on Wearable and Implantable Body Sensor Networks;A3;
BTAS;IEEE International Conference on Biometrics: Theory, Applications, and Systems;A2;
C&T;International Conference on Communities and Technologies;B3;
C4BIE;International Workshop on Cloud for Business, Industry and Enterprises;B4;
CAD;International CAD Conference;A4;
CADE;International Conference on Automated Deduction;A3;
CAIP;International Conference on Computer Analysis of Images and Patterns;B1;
CAISE;International Conference on Advanced Information Systems Engineering;A3;
CALDAM;International Conference on Algorithms and Discrete Applied Mathematics;B3;
CAMAD;IEEE International Workshop on Computer Aided Modeling and Design of Communication Links and Networks;A4;
CANDAR;International Symposium on Computing and Networking;B1;
CANS;International Conference on Cryptology and Network Security;A3;
CAPSI;Conferência da Associação Portuguesa de Sistemas de Informação;B4;
CARLA;Latin America High Performance Computing Conference;B3;
CASA;Conference on Computer Animation and Social Agents;B3;
CASCON;Annual International Conference on Computer Science and Software Engineering;B1;
CASE;IEEE Conference on Automation Science and Engineering;A3;
CASES;International Conference on Compilers, Architecture, and Synthesis for Embedded Systems;B4;
CATA;International Conference on Computers and their Applications;B4;
CATE;Computers and Advanced Technology in Education;B4;
CAV;International Conference on Computer Aided Verification;A1;
CBA;Congresso Brasileiro de Automática;B4;
CBEB;Congresso Brasileiro de Engenharia Biomédica;B4;
CBI;IEEE Conference on Business Informatics;A4;
CBIC;Congresso Brasileiro de Inteligência Computacional;B4;
CBIS;Congresso Brasileiro de Informática em Saúde;B4;
CBMI;International Workshop on Content-Based Multimedia Indexing;A4;
CBMS;International Symposium on Computer-Based Medical Systems;A3;
CBS;IEEE International Conference on Cyborg and Bionic Systems;B3;
CBSF;Congresso Brasileiro de Sistemas Fuzzy;B4;
CBSoft;Brazilian Conference on Software: Theory and Practice;B4;
CBTMS;Congresso Brasileiro de Telemedicina e Telesaúde;B4;
CC;International Conference on Compiler Construction;A3;
CCC;IEEE Conference on Computational Complexity;A3;
CCCG;Canadian Conference on Computational Geometry;B3;
CCECE;Canadian Conference on Electrical and Computer Engineering;A3;
CCGRID;IEEE/ACM International Symposium on Cluster, Cloud and Grid Computing;A2;
CCNC;Annual IEEE Consumer Communications & Networking Conference;A2;
CCS;ACM Symposium on Computer and Communications Security;A1;
CCSI;Workshop on Core Computations on Spatial Information;B4;
CDC;IEEE Conference on Decision and Control;A1;
CDH;International Conference on Digital Health;A4;
CDVE;International Conference on Cooperative Design, Visualization, and Engineering;B2;
CEC;IEEE Congress on Evolutionary Computation;A1;
CECC;Central European Cybersecurity Conference;B4;
CELDA;Cognition and Exploratory Learning in Digital Age;B4;
CENTERIS;Conference on ENTERprise Information Systems;A3;
CESI;International Workshop on Conducting Empirical Studies in Industry;B3;
CF;ACM International Conference on Computing Frontiers;A3;
CGI;Computer Graphics International Conference;B1;
CGO;International Symposium on Code Generation and Optimization;A2;
CHASE;International Workshop on Cooperative and Human Aspects of Software Engineering;A3;
CHES;Conference on Cryptographic Hardware and Embedded Systems;B3;
CHI;ACM SIGKDD Conference on Knowledge Discovery and Data Mining;A1;
CHIIR;Conference on Human Information Interaction and Retrieval;A3;
CHIPlay;ACM SIGCHI Annual Symposium on Computer-Human Interaction in Play;A2;
CIAC;International Conference on Algorithms and Complexity;B2;
CIARP;Iberoamerican Congress on Pattern Recognition;A4;
CIBCB;IEEE Conference on Computational Intelligence in Bioinformatics and Computational Biology;A4;
CIbSE;Conferencia Iberoamericana de Software Engineering;B2;
CIC;International Conference on Collaboration and Internet Computing;A3;
CICC;IEEE Custom Integrated Circuits Conference;A3;
CICLING;International Conference on Intelligent Text Processing and Computational Linguistics;A4;
CIDI;Congresso Internacional de Design da Informação;B4;
CIDM;Symposium on Computational Intelligence and Data Mining;B4;
CIDR;Biennial Conference on Innovative Data Systems Research;A2;
CIG;IEEE Conference on Computational Intelligence and Games;B4;
CIKM;ACM International Conference on Information and Knowledge Management;A1;
CILAMCE;Iberian Latin American Congress on Computational Methods;B4;
CISCI;Conferencia Iberoamericana en Sistemas, Cibernética e Informática;B4;
CISIS;International Conference on Complex, Intelligent, and Software Intensive Systems;A4;
CISTI;Iberian Conference on Information Systems and Technologies;A4;
CIT;IEEE International Conference on Computer and Information Technology;B1;
CITS;International Conference on Computer, Information, and Telecommunication Systems;B1;
CL;Corpus Linguistics Conference;B3;
CLAIO;Latin-Ibero-American Conference on Operations Research;B4;
CLEF;Conference and Labs of the Evaluation Forum;B1;
CLEI;Conferencia Latinoamericana de Informática;B1;
CLIHC;Latin American Conference on Human Computer Interaction;B4;
CLOSER;International Conference on Cloud Computing and Services Science;A3;
CLOUD;IEEE International Conference on Cloud Computing;A2;
CloudCom;IEEE International Conference on Cloud Computing Technology and Science;A3;
CLOUDCOMPUTING- IARIA;IARIA International Conference on Cloud Computing, GRIDs, and Virtualization;B4;
CLOUDDB;IEEE International workshop on Cloud data management;B4;
CloudNet;IEEE International Conference on Cloud Networking;A4;
CLOUDTECH;International Conference on Cloud Computing Technologies and Applications;B4;
CLUSTER;IEEE International Conference on Cluster Computing;A3;
CMMR;International Symposium on Computer Music Multidisciplinary Research;B1;
CMN;Congress on Numerical Methods in Engineering;B4;
CNMAC;Congresso Nacional de Matemática Aplicada e Computacional;B4;
CNS;IEEE Conference on Communications and Network Security;A2;
CNSM;International Conference on Network and Service Management;A4;
CoARCH;Workshop On Computing Techniques For Spatio-Temporal Data in Archaeology And Cultural Heritage;B4;
COCOA;International Conference on Combinatorial Optimization and Applications;B2;
COCOON;International Computing and Combinatorics Conference;A4;
CODASPY;ACM Conference on Data and Application Security and Privacy;A2;
CODES+ISS;IEEE/ACM/IFIP International Conference on Hardware/Software Codesign and System Synthesis;A3;
COG;IEEE Conference on Games;A2;
COGNISE;International Workshop on Cognitive Aspects of Information Systems Engineering;B4;
COGSCI;Annual Meeting of the Cognitive Science Society;A2;
CogSIMA;IEEE International Multi-Disciplinary Conference on Cognitive Methods in Situation Awareness and Decision Support;B2;
ColCACI;IEEE Colombian Conference on Applications in Computational Intelligence;B3;
COLING;International Conference on Computational Linguistics;A1;
CollaborateCom;International Conference on Collaborative Computing: Networking, Applications and Worksharing;B3;
CollabTech;International Conference on Collaboration Technologies and Social Computing;B4;
COLT;Conference on Learning Theory;A1;
CoMeSySo;Computational Methods in Systems and Software;B2;
COMMA;International Conference on Computational Models of Argument;A4;
COMPSAC;IEEE Computer Software and Applications Conference;A2;
COMSNETS;International Conference on Communication Systems & NetworkS;A3;
COMSOC;International Workshop on Computational Social Choice;B4;
CONCUR;International Conference on Concurrency Theory;A3;
CONEXT;Conference on Emerging Network Experiment and Technology;A2;
CONFIRM;International Conference on Information Resources Management;B2;
CONISOFT;International Conference in Software Engineering Research and Innovation;B2;
CoNLL;Conference on Natural Language Learning;A1;
CONTECSI;International Conference on Information Systems and Technology Management;B3;
CONTEXT-BPM;International Workshop on Context for Business Process Management;B4;
CONTROLO;APCA International Conference on Automatic Control and Soft Computing;B3;
CoopIS;International Conference on Cooperative Information Systems;B3;
CoRL;Conference on Robot Learning;A1;
COSIT;International Conference on Spatial Information Theory;B2;
COSN;Conference on Online Social Networks;B4;
COURB;Workshop of Urban Computing;B4;
CP;International Conference on Principles and Practice of Constraint Programming;A3;
CPM;Annual Symposium on Combinatorial Pattern Matching;B1;
CPP;International Conference on Certified Programs and Proofs;A3;
CRIWG;International Workshop on Groupware;B3;
CrownCom;International Conference on Cognitive Radio Oriented Wireless Networks;B2;
CRV;Canadian Conference on Computer and Robot Vision;A4;
CRYPTO;International Cryptology Conference;A1;
CSBC;Congresso da Sociedade Brasileira de Computação;B4;
CSBIO;International Conference on Computational Systems-Biology and Bioinformatics;B2;
CSCL;International Conference on Computer Supported Collaborative Learning;A4;
CSCN;IEEE Conference on Standards for Communications and Networking;A3;
CSCW;ACM Conference on Computer Supported Cooperative Work & Social Computing;A1;
CSCWD;IEEE International Conference on Computer Supported Cooperative Work in Design;A3;
CSDS;Conference of the System Dynamics Society;B3;
CSE;International Conference on Computational Science and Engineering;A4;
CSEDU;International Conference on Computer Supported Education;A3;
CSEE&T;Conference on Software Engineering Education and Training;A3;
CSF;IEEE Computer Security Foundations Symposium;A2;
CSI-SE;International Workshop on Crowdsourcing in Software Engineering;B2;
CSL;Conference for Computer Science Logic;A3;
CSMC;Conference on Computer Simulation of Musical Creativity;B3;
CSNDSP;International Symposium on Communication Systems, Networks and Digital Signal Processing;A4;
CSNet;Cyber Security in Networking Conference;B1;
CSOUND;International CSound Conference;B3;
CTE;International Conference on Computational Thinking Education;B2;
CTS;International Conference on Collaboration and Technology;B4;
CVPR;IEEE Conference on Computer Vision and Pattern Recognition;A1;
CVPRW;IEEE Conference on Computer Vision and Pattern Recognition Workshops;B3;
CyberSA;International Conference on Cyber Situational Awareness, Data Analytics and Assessment;B2;
CyberSecurity;International Conference on Cyber Security And Protection Of Digital Services;B1;
DAC;Design Automation Conference;A1;
DAFX;International Conference on Digital Audio Effects;B2;
DAMON;International Workshop on Data Management on New Hardware;B2;
DARS;International Symposium on Distributed Autonomous Robotic Systems;B4;
DASC;IEEE International Conference on Dependable, Autonomic & Secure Computing;B4;
DASFAA;International Conference on Database Systems for Advanced Applications;A3;
DASIP;Conference on Design and Architectures for Signal and Image Processing;B3;
DATA;International Conference on Data Science, Technology and Applications;B4;
DATAANALYTICS- IARIA;IARIA International Conference on Data Analytics;B4;
DATE;Design, Automation and Test in Europe Conference and Exhibition;A1;
DAWAK;International Conference on Big Data Analytics and Knowledge Discovery;B2;
DBKD-AIARIA;IARIA International Conference on Advances in Databases, Knowledge, and Data Applications;B4;
DBSec;IFIP WG 11.3 Conference on Data and Applications Security and Privacy;B1;
DCAI;International Symposium on Distributed Computing and Artificial Intelligence;B1;
DCASE;Workshop on Detection and Classification of Acoustic Scenes and Events;A4;
DCC;Data Compression Conference;A3;
DCOSS;International Conference on Distributed Computing in Sensor Systems;A4;
DDECS;IEEE International Symposium on Design and Diagnostics of Electronic Circuits and Systems;B1;
DEBS;International Conference on Distributed and Event-Based Systems;A3;
DEPCOS;International Conference on Dependability and Complex Systems;B2;
DESAFIE;Workshop de Desafios da Computação Aplicada à Educação;B4;
DEXA;International Conference on Database and Expert Systems Applications;A4;
DFT;IEEE International Symposium on Defect and Fault Tolerance in VLSI Systems;B1;
DGCI;Discrete Geometry for Computer Imagery;B3;
DGO;Annual International Conference on Digital Government Research;A3;
DH;Digital Heritage;B4;
DIGRA;Digital Games Research Association International Conference;A3;
DILS;International Conference on Data Integration in Life Sciences;B3;
DIMVA;International Conference on Detection of Intrusions and Malware, and Vulnerability Assessment;A3;
DIS;Conference on Designing Interactive Systems;A1;
DISC;International Symposium on Distributed Computing;A3;
DIVANET;ACM Symposium on Development and Analysis of Intelligent Vehicular Networks and Applications;B3;
DL;International Workshop on Description Logics;A4;
DLS;Dynamic Languages Symposium;B3;
DMA;International Conference on Data Mining and Applications;B1;
DMSVIVA;International DMS Conference on Visualization and Visual Languages;B4;
DOCENG;ACM Symposium on Document Engineering;A4;
DOLAP;International Workshop On Data Warehousing and OLAP;B4;
DPM;International Workshop on Data Privacy Management;B4;
DRCN;International Conference on the Design of Reliable Communication Networks;B1;
DS;International Conference on Discovery Science;B1;
DS-RT;IEEE/ACM International Symposium on Distributed Simulation and Real- Time Applications;B2;
DSAA;IEEE International Conference on Data Science and Advanced Analytics;A3;
DSAI;International Conference on Software Development for Enhancing Accessibility and Fighting Info-exclusion;B2;
DSC;IEEE Conference on Dependable and Secure Computing;B1;
DSD;Euromicro Conference on Digital System Design, Architectures, Methods and Tools;A3;
DSN;Annual IEEE/IFIP International Conference on Dependable Systems and Networks;A1;
DSNW;IEEE International Conference on Dependable Systems and Networks Workshops;B3;
DSP;International Conference on Digital Signal Processing;A4;
DTIS;Design & Technology of Integrated Systems in Nanoscale Era;B2;
DySPAN;IEEE Symposium on New Frontiers in Dynamic Spectrum Access Networks;A4;
EACL;Conference of the European Chapter of the Association for Computational Linguistics;A1;
EASE;International Conference on Evaluation and Assessment in Software Engineering;A3;
EATIS;Euro American Conference on Telematics and Information Systems;B3;
EC;ACM conference on Economics and Computation;A1;
EC-TEL;European Conference on Technology Enhanced Learning;A3;
ECAI;European Conference on Artificial Intelligence;A3;
ECASE;IEEE/ACM International Workshop on Establishing the Community-Wide Infrastructure for Architecture-Based Software Engineering;B4;
ECC;European Control Conference;A3;
ECCTD;European Conference on Circuit Theory and Design;B2;
ECCV;European Conference on Computer Vision;A1;
ECIR;European Conference on Information Retrieval;A2;
ECIS;European Conference on Information Systems;A2;
ECML;European Conference on Machine Learning and Principles and Practice of Knowledge Discovery in Databases;A2;
ECMR;European Conference on Mobile Robots;A3;
ECMS;European Conference on Modelling and Simulation;B1;
ECOOP;European Conference on Object-Oriented Programming;A3;
ECRTS;Euromicro Conference on Real-Time Systems;A3;
ECSA;European Conference on Software Architecture;A4;
ECSCW;European Conference on Computer Supported Cooperative Work;B3;
ECSQARU;European Conference on Symbolic and Quantitative Approaches to Reasoning and Uncertainty;B3;
EDBT;International Conference on Extending Database Technology;A2;
EDCC;European Dependable Computing Conference;A4;
EDGE;International Conference on Edge Computing;A3;
EDM;International Conference on Educational Data Mining;A2;
EDOC;IEEE International Enterprise Distributed Object Computing Conference;A4;
EDUCOMP;Simpósio Brasileiro de Educação em Computação;B3;
EDUCON;IEEE Global Engineering Education Conference;B3;
EECS;European Conference on Electrical Engineering and Computer Science;B3;
EEEWC;International Conference on e-Learning, e-Business, Enterprise Information Systems, and e-Government;B4;
EGOV;International Conference on Electronic Government;B1;
EGOV-CEDEM- EPART;International Conference on Electronic Government/International Conference for E-Democracy and Open Government;B1;
EGOVIS;International Conference on Electronic Government and the Information Systems Perspective;B3;
EICS;ACM SIGCHI Symposium on Engineering Interactive Computing Systems;A4;
EIT;International Conference on Electro Information Technology;A3;
EJC;International Conference on Information Modeling and Knowledge;B3;
EM-GIS;International Workshop on the Use of GIS in Emergency Management;B4;
EMAS;International Workshop on Engineering Multiagent Systems;B4;
EMBC;Annual International Conference of the IEEE Engineering in Medicine and Biology Society;A1;
EMBS;IEEE-EMBS International Conference on Biomedical and Health Informatics;A3;
EMNLP;Conference on Empirical Methods in Natural Language Processing;A1;
EMO;International Conference on Evolutionary Multi-Criterion Optimization;B1;
EMSOFT;ACM International Conference on Embedded Software;B3;
ENANPAD;Encontro Nacional da Associação Nacional de Pós-Graduação e Pesquisa em Administração;B3;
ENASE;International Conference on Evaluation of Novel Approaches to Software Engineering;B1;
ENCP;ACM CoNEXT Workshop on Emerging in-Network Computing Paradigms;B4;
ENIAC;Encontro Nacional de Inteligencia Artificial e Computacional;B4;
EPIA;Portuguese Conference on Artificial Intelligence;B2;
ER;International Conference on Conceptual Modeling;A3;
Ergodesign;Congresso Internacional de Ergonomia e Usabilidade de Interfaces Humano Tecnológica;B4;
ESA;European Symposium on Algorithms;A3;
ESANN;European Symposium on Artificial Neural Networks, Computational Intelligence and Machine Learning;A3;
ESCIENCE;IEEE International Conference on e-Science;A3;
ESELAW;Workshop Latinoamericano de Ingeniería de Software Experimental;B4;
ESEM;ACM/IEEE International Symposium on Empirical Software Engineering and Measurement;A2;
ESOCC;European Conference on Service-Oriented and Cloud Computing;B1;
ESOP;European Symposium on Programming;A2;
ESORICS;European Symposium on Research in Computer Security;A2;
ESSCIRC;European Solid State Circuits Conference;A3;
ESSDERC;European Solid State Device Research Conference;A4;
ESWC;Extended Semantic Web Conference;A2;
ESWS;European Semantic Web Conference;A2;
ETC;Encontro de Teoria da Computação;B4;
ETFA;IEEE International Conference on Emerging Technologies and Factory Automation;A2;
ETRA;ACM Symposium on Eye Tracking Research & Applications;A3;
ETS;IEEE European Test Symposium;A4;
EUC;IEEE/IFIP International Conferences on Embedded and Ubiquitous Computing;B4;
EuCNC;European Conference on Networks and Communications;A2;
EUMAS;European Conference on Multi-Agent Systems;B4;
EURO;European Conference on Operational Research;B4;
EUROCOMB;European Conference on Combinatorics, Graph Theory and Applications;B2;
EUROCRYPT;International Conference on Theory and Applications of Cryptographic Techniques;A1;
EUROGRAPHICS;European Association for Computer Graphics;A1;
EUROHAPTICS;Eurohaptics;A4;
EuroMPI;European MPI Users Group Meeting;B4;
EUROPAR;European Conference on Parallel Computing;A3;
EuroPloP;European Conference on Pattern Languages of Programs;B2;
EuroSPI;European Conference on Software Process Improvement;B1;
EUROSYS;European Conference on Computer Systems;A1;
EuroVis;EG/VGTC Conference on Visualization;A1;
EUSFLAT;Conference of the European Society for Fuzzy Logic and Technology;B2;
EUSIPCO;European Signal Processing Conference;A2;
EVOAPPLICATIONS;European Conference on the Applications of Evolutionary Computation;A4;
EVOCOP;European Conference on Evolutionary Computation in Combinatorial Optimization;B2;
EWC;Embedded Word Conference;B4;
EWSDN;European Workshop on Software Defined Networks;B3;
EWSN;European Conference on Wireless Sensor Networks;B4;
EXP.AT;Experiment@ International Conference;B2;
FACS;International Conference on Formal Aspects of Component Software;A3;
FASE;International Conference on Fundamental Approaches to Software Engineering;A3;
FAST;USENIX Conference on File and Storage Technologies;A1;
FC;International Conference on Financial Cryptography and Data Security;A1;
FCCM;IEEE Annual International Symposium on Field-Programmable Custom Computing Machines;A2;
FCT;International Symposium on Fundamentals of Computation Theory;B3;
FCTA;International Conference on Fuzzy Computation Theory and Applications;B4;
FDG;Foundations of Digital Games;A3;
FDL;Forum on Specification and Design Languages;B4;
FECS;International Conference on Frontiers in Education: Computer Science and Computer Engineering;B3;
FEDCSIS;Federated Conference on Computer Science and Information Systems;A3;
FGR;IEEE International Conference on Automatic Face and Gesture Recognition;A1;
FiCloud;International Conference on Future Internet of Things and Cloud;A2;
FIE;IEEE Frontiers in Education Conference;A3;
FIT;International Conference on Forntiers of Information Technology;B1;
FLAIRS;International Florida Artificial Intelligence Conference;A4;
FLOPS;International Symposium on Functional and Logic Programming;B1;
FM;International Symposium on Formal Methods;A3;
FMCAD;International Conference on Formal Methods in Computer-Aided Design;A3;
FOCS;IEEE Annual Symposium on Foundations of Computer Science;A1;
FOIS;International Conference on Formal Ontology in Information Systems;B4;
FormaliSE;International Conference on Formal Methods in Software Engineering;B1;
FOSD;International Workshop on Feature-Oriented Software Development;B3;
FoSSaCS;International Conference on Foundations of Software Science and Computation Structures;A3;
FPGA;Symposium on Field Programmable Gate Arrays;A1;
FPL;International Conference on Field-Programmable Logic and Applications;A2;
FPT;IEEE International Conference on Field-Programmable Technology;A4;
FROCOS;International Symposium on Frontiers of Combining Systems;B1;
FSCD;International Conference on Formal Structures for Computation and Deduction;A3;
FSE;Fast Software Encryption;B3;
FSE/ESEC;Joint Meeting on European Software Engineering Conference and Foundations of Software Engineering;A1;
FSEN;International Conference on Fundamentals of Software Engineering;B3;
FSR;Conference on Field and Service Robotics;B4;
FTC;Future Technologies Conference;A4;
FUN;International Conference on Fun with Algorithms;B3;
FUSION;International Conference on Information Fusion;A2;
FUZZ;IEEE International Conference on Fuzzy Systems;A3;
GameSec;Conference on Decision and Game Theory for Security;A3;
GAS;International Workshop on Games and Software Engineering;B4;
GbRPR;International Workshop on Graph-Based Representations in Pattern Recognition;B2;
GECCO;Genetic and Evolutionary Computation Conference;A1;
GECON;International Conference on Economics of Grids, Clouds, Systems and Services;B2;
GEFI;Global Experimentation for Future Internet;B4;
GEM;IEEE Games, Entertainment, Media Conference;B1;
GeoAI;International Workshop on AI for Geographic Knowledge Discovery;B3;
GEOBIA;Geographic Object-based Image Analysis;B3;
GEOINFO;Brazilian Symposium on GeoInformatics;B1;
GeoPROCESSING- IARIA;IARIA International Conference on Advanced Geographic Information Systems, Applications, and Services;B3;
GeoSim;International Workshop on Geospatial Simulation;B4;
GI;Graphics Interface Conference;B1;
GIIS;Global Information Infrastructure and Networking Symposium;B2;
GIR;Workshop on Geographic Information Retrieval;B2;
GIScience;International Conference on Geographic Information Science;A4;
GLOBALSIP;Global Conference on Signal and Information Processing;A2;
GLOBECOM;IEEE Global Communications Conference;A1;
GLSVLSI;Great Lakes Symposium on VLSI;A3;
GPC;International Conference on Grid And Pervasive Computing;B2;
GPCE;ACM International Conference on Generative Programming: Concepts and Experiences;B3;
GRAPP;International Conference on Computer Graphics Theory and Applications;B3;
GreenCom;IEEE International Conference on Green Computing and Communications;A2;
GROUP;International Conference on Supporting Group Work;A3;
GVIZ;Workshop on New Directions in Geovisual Analytics;B4;
GWN;International Global Wordnet Conference;B2;
HAIS;International Conference on Hybrid Artificial Intelligence Systems;A4;
HAPTICS;IEEE Haptics Symposium;A3;
HASE;IEEE International Symposium on High Assurance Systems Engineering;A3;
HCOMP;AAAI Conference on Human Computation and Crowdsourcing;A3;
HCSE;International Conference on Human-Centered Software Engineering;B3;
HEALTHCOM;IEEE International Conference on E-health Networking, Application & Services;A3;
HEALTHINF;International Conference on Health Informatics;A3;
HEALTHINFO;International Conference on Informatics and Assistive Technologies for Health-Care, Medical Support and Wellbeing;B4;
HICSS;Hawaii International Conference on System Sciences;A1;
HILDA;Workshop on Human-In-the-Loop Data Analytics;A4;
HIMS;International Conference on Health Informatics and Medical Systems;B4;
HIPC;IEEE International Conference on High Performance Computing;A3;
HIS;International Conference on Hybrid Intelligent Systems;A4;
HM;International Workshop on Hybrid Metaheuristics;B3;
HOST;IEEE International Symposium on Hardware Oriented Security and Trust;A3;
HOTNETS;ACM Workshop on Hot Topics in Networks;A3;
HPCA;IEEE International Symposium on High Performance Computer Architecture;A1;
HPCC;International Conference on High Performance Computing and Communications;A3;
HPCS;International Conference on High Performance Computing & Simulation;A4;
HPDC;International Symposium on High Performance Distributed Computing;A3;
HPSR;IEEE High Performance Switching and Routing;B2;
HRI;ACM/IEEE International Conference on Human Robot Interaction;A1;
HS;Haskell Symposium;B3;
HSCC;International Conference on Hybrid Systems: Computation and Control;A2;
HT;ACM Conference on Hypertext and Social Media;A4;
Humanoids;IEEE RAS International Conference on Humanoid Robot;A2;
Hypertext;ACM Conference on Hypertext and Hypermedia;A3;
i-SAIRAS;International Symposium on Artificial Intelligence, Robotics and Automation in Space;B3;
I/ITSEC;Interservice/Industry Training, Simulation & Education Conference;B3;
I2MTC;IEEE International Instrumentation and Measurement Technology Conference;A3;
I3D;ACM SIGGRAPH Symposium on Interactive 3D Graphics and Games;A3;
IAAI;International Conference of the Italian Association for Artificial Intelligence;B2;
IAS;Industry Applications Society Annual Meeting;A2;
IAV;IFAC Symposium on Intelligent Autonomous Vehicles;B4;
IBERAMIA;Ibero-American Conference on Artificial Intelligence;B2;
IBERCHIP;Workshop Iberchip;B4;
IC2E;IEEE International Conference on Cloud Engineering;A2;
IC3K;International Joint Conference on Knowledge Discovery, Knowledge Engineering and Knowledge Management;B2;
ICA3PP;International Conference on Algorithms and Architectures for Parallel Processing;B1;
ICAART;International Conference on Agents and Artificial Intelligence;A4;
ICAI;International Conference on Applied Informatics;B3;
ICAISC;International Conference on Artificial Intelligence and Soft Computing;A4;
ICAIWC;International Conference on Artificial Intelligence;B2;
ICALP;International Colloquium on Automata, Languages, and Programming;A2;
ICALT;IEEE International Conference on Advanced Learning Technologies;A3;
ICANN;International Conference on Artificial Neural Networks;A2;
ICAPS;International Conference on Automated Planning and Scheduling;A2;
ICAR;International Conference on Advanced Robotics;A3;
ICARA;International Conference on Automation, Robotics and Applications;B4;
ICARM;International Conference on Advanced Robotics and Mechatronics;B1;
ICAROB;International Conference on Artificial Life and Robotics;B3;
ICARSC;IEEE International Conference on Autonomous Robot Systems and Competitions;B1;
ICARV;International Conference on Control, Automation, Robotics and Vision;A4;
ICAS-IARIA;IARIA International Conference on Autonomic and Autonomous Systems;B1;
ICASSP;IEEE International Conference on Acoustics, Speech and Signal Processing;A1;
ICB;International Conference on Biometrics;A2;
ICBC;IEEE International Conference on Blockchain and Cryptocurrency;A4;
ICBIP;International Conference on Biomedical Signal and Image Processing;B4;
ICBK;International Conference on Big Knowledge;B2;
ICBL;International Conference on Interactive Collaborative and Blended Learning;B4;
ICC;IEEE International Conference on Communications;A1;
ICCA;IEEE International Conference on Control and Automation;A4;
ICCABS;International Conference on Computational Advances in Bio and Medical Sciences;B1;
ICCAD;IEEE/ACM International Conference on Computer-Aided Design;A1;
ICCAR;International Conference on Control, Automation and Robotics;A4;
ICCC;International Conference on Computational Creativity;A4;
ICCCBE;International Conference on Computing in Civil and Building Engineering;B3;
ICCCN;International Conference on Computer Communications and Networks;A2;
ICCD;International Conference on Computer Design;A3;
ICCDCS;International Caribbean Conference on Devices, Circuits and Systems;B3;
ICCE-EDU;International Conference on Computers in Education;B2;
iCCECE;International Conference on Computing, Electronics & Communications Engineering;B2;
ICCHP;International Conference on Computers Helping People with Special Needs;B1;
ICCL2;International Conference on Computational Logistics;B2;
ICCP;IEEE International Conference on Intelligent Computer Communication and Processing;A4;
ICCPR;International Conference on Computing and Pattern Recognition;B4;
ICCPS;International Conference on Cyber-Physical Systems;A2;
ICCS;International Conference on Computational Science;A4;
ICCSA;International Conference on Computational Science and Its Applications;A3;
ICCSPA;International Conference on Communications, Signal Processing, and their Applications;B4;
ICCStr;International Conference on Conceptual Structures;A2;
ICCTCC;International Conference on Computability Theory, Computability and Complexity;B3;
ICCV;IEEE International Conference on Computer Vision;A1;
ICCVW;IEEE International Conference on Computer Vision Workshops;B3;
ICCW;IEEE International Conference on Communications Workshops;B3;
ICDAR;International Conference on Document Analysis and Recognition;A1;
ICDCN;International Conference on Distributed Computing and Networking;A3;
ICDCS;International Conference on Distributed Computing Systems;A1;
ICDCSW;International Conference on Distributed Computing Systems Workshops;B4;
ICDE;IEEE International Conference on Data Engineering;A1;
ICDF;IFIP International Conference on Digital Forensics;A4;
ICDIM;International Conference on Digital Information Management;B2;
ICDIP;International Conference on Digital Image Processing;A4;
ICDL-EpiRob;IEEE International Conference on Development and Learning and Epigenetic Robotics;B4;
ICDM;IEEE International Conference on Data Mining;A1;
ICDMW;IEEE International Conference on Data Mining Workshop;B3;
ICDT;International Conference on Database Theory;A3;
ICE-CCN;International Conference on Emerging Trends in Computing, Communication and Nanotechnology;B4;
ICEBE;IEEE International Conference on e-Business Engineering;B1;
ICEC;IFIP International Conference on Entertainment Computing;A4;
ICECS;IEEE International Conference on Electronics, Circuits and Systems;B1;
ICEDEG;International Conference on eDemocracy & eGovernment;B1;
ICEGOV;International Conference on Theory and Practice of Eletronic Governance;A4;
ICEIS;International Conference on Enterprise Information Systems;A3;
ICER;International Computing Education Research;A2;
ICERI;International Conference of Education, Research and Innovation;B3;
ICFCA;International Conference on Formal Concept Analysis;B3;
ICFEM;International Conference on Formal Engineering Methods;A4;
ICFHR;International Conference on Frontiers in Handwriting Recognition;A3;
ICFNDS;International Conference on Future Networks and Distributed Systems;A4;
ICFP;International Conference on Functional Programming;B3;
ICGI;International Conference on Grammatical Inference;B3;
ICGJ;International Conference on Game Jams, Hackathons, and Game Creation Events;B1;
ICGSE;IEEE International Conference on Global Software Engineering;A4;
ICGT;International Conference on Graph Transformation;B1;
ICHI;IEEE International Conference on Healthcare Informatics;A3;
ICIAP;International Conference on Image Analysis and Processing;A3;
ICIAR;International Conference on Image Analysis and Recognition;A3;
ICIC;International Conference on Intelligent Computing;A4;
ICICS;International Conference on Information and Communications Security;B1;
ICICT;International Conference on Information and Computer Technologies;B2;
ICIDS;International Conference on Interactive Digital Storytelling;A3;
ICIIECS;International Conference on Innovations in Information, Embedded and Communication Systems;A4;
ICINCO;International Conference on Informatics in Control, Automation and Robotics;B1;
ICIOT;International Conference on the Internet of Things;A4;
ICIP;IEEE International Conference on Image Processing;A1;
ICIRA;International Conference on Intelligent Robotics and Applications;B1;
ICIS;International Conference on Information Systems;A2;
ICISC;International Conference on Information Security and Cryptology;B4;
ICISO;International Conference on Informatics and Semiotics in Organisations;B4;
ICISS;International Conference on Information Systems Security;B2;
ICIST;International Conference on Information and Software Technologies;B1;
ICIT;IEEE International Conference on Industrial Technology;A2;
ICITS;International Conference on Information Theoretic Security;B3;
ICITST;International Conference for Internet Technology and Secured Transactions;A4;
ICIVC;International Conference on Image, Vision and Computing;A4;
ICL;International Conference on Interactive Collaborative Learning;A4;
ICLP;International Conference on Logic Programming;A3;
ICLR;International Conference on Learning Representations;A1;
ICM;International Conference on Microelectronics;B1;
ICMA;IEEE International Conference on Mechatronics and Automation;A4;
ICMC;International Computer Music Conference;A4;
ICMCR;International Conference on Mechatronics, Control and Robotics;B4;
ICME;IEEE International Conference on Multimedia and Expo;A1;
ICMEW;IEEE International Conference on Multimedia and Expo Workshops;B3;
ICMI;ACM International Conference on Multimodal Interfaces;A2;
ICMIS;International Conference on Mathematics & Information Science;B4;
ICML;International Conference on Machine Learning;A1;
ICMLA;IEEE International Conference on Machine Learning and Applications;A2;
ICMLC;International Conference on Machine Learning and Computing;B1;
ICMPC;International Conference on Music Perception and Cognition;B3;
ICMR;ACM International Conference on Multimedia Retrieval;A2;
ICN-IARIA;IARIA International Conference on Networks;B4;
ICNC;International Conference on Computing, Networking and Communications;A2;
ICNC-FSKD;International Conference on Natural Computation, Fuzzy Systems and Knowledge Discovery;A4;
ICNP;International Conference on Network Protocols;A2;
ICNSC;IEEE International Conference on Networking, Sensing and Control;A4;
ICOIN;International Conference on Information Networking;A3;
ICOMPWC;International Conference on Internet Computing and Internet of Things;B3;
ICONIP;International Conference on Neural Information Processing;A2;
ICORES;International Conference on Operations Research and Enterprise Systems;B2;
ICORR;IEEE International Conference on Rehabilitation Robotics;A3;
ICPADS;International Conference on Parallel and Distributed Systems;A3;
ICPC;International Conference on Program Comprehension;A2;
ICPE;International Conference on Performance Engineering;A2;
ICPME;International Conference on Philosophy, Music and Emotion;B4;
ICPP;International Conference on Parallel Processing;A4;
ICPR;International Conference on Pattern Recognition;A1;
ICRA;IEEE International Conference on Robotics and Automation;A1;
ICRAE;International Conference on Robotics and Automation Engineering;B2;
ICRC;IEEE International Conference on Rebooting Computing;A4;
ICRES;International Conference on Robot Ethics and Standards;B4;
ICS;International Conference on Supercomputing;A3;
ICSC;International Conference on Semantic Computing;A3;
ICSE;International Conference on Software Engineering;A1;
ICSEA-IARIA;IARIA International Conference on Software Engineering Advances;B4;
ICSESS;International Conference on Software Engineering and Service Science;A4;
ICSEW;International Conference on Software Engineering Workshops;B3;
ICSI;International Conference on Swarm Intelligence;A4;
ICSIP;IEEE International Conference on Signal and Image Processing;A4;
ICSLE;International Conference on Smart Learning Environments;B3;
ICSME;IEEE International Conference on Software Maintenance and Evolution;A2;
ICSOB;International Conference on Software Business;B2;
ICSOC;International Conference on Service Oriented Computing;A3;
ICSOFT;International Conference on Software Technologies;B2;
ICSPCEC;International Conference on Signal Processing, Communication, Power and Embedded System;A4;
ICSR;International Conference on Software Reuse;B1;
ICST;International Conference on Sensing Technology;B1;
ICSTV;IEEE International Conference on Software Testing, Verification and Validation;A2;
ICSTW;IEEE International Conference on Software Testing, Verification and Validation Workshops;B3;
ICT;International Conference on Telecommunications;A3;
ICTAC;International Colloquium on Theoretical Aspects of Computing;A4;
ICTAI;IEEE International Conference on Tools with Artificial Intelligence;A3;
ICTC;International Conference on Information and Communication Technology Convergence;A3;
ICTCS;Italian Conference on Theoretical Computer Science;B3;
ICTIR;Conference on the Theory of Information Retrieval;A4;
ICTON;International Conference on Transparent Optical Networks;A4;
ICTSS;IFIP International Conference on Testing Software and Systems;B2;
ICUAS;International Conference on Unmanned Aircraft Systems;A2;
ICUMT;International Conference on Ultra Modern Telecommunications;A4;
ICVIIP;International Conference on Visualization: Imaging and Image Processing;B4;
ICVR;International Conference on Virtual Rehabilitation;B1;
ICVRV;International Conference on Virtual Reality and Visualization;B3;
ICVS;International Conference on Computer Vision Systems;B2;
ICWE;International Conference on Web Engineering;A3;
ICWL;International Conference on Web-Based Learning;B3;
ICWN;International Conference on Wireless Networks;A4;
ICWS;IEEE International Conference on Web Services;A3;
ICWSM;International AAAI Conference on Web and Social Media;A1;
IDC;International Symposium on Intelligent Distributed Computing;B2;
IDCS;International Conference on Internet and Distributed Computing Systems;B3;
IDEAS;International Database Engineering and Applications Symposium;A4;
IEAAIE;International Conference on Industrial Engineering & Other Applications of Appled Intelligence Systems;B1;
IECON;Annual Conference of the IEEE Industrial Electronics Society;A2;
IEEE IST;IEEE International Conference on Imaging Systems and Techniques;B4;
IEEE NANO;IEEE Conference on Nanotechnology;B2;
IEEE VIS;IEEE Visualization;A1;
IEEECloudS;IEEE Cloud Summit;B4;
IEEEISWC;IEEE International Symposium on Wearable Computers;A3;
IEEENANO;International Conference on Nanotechnology;B2;
IEEESCC;IEEE International Conference on Services Computing;B4;
IESS;IFIP International Embedded Systems Symposium;B2;
IESTEC;International Engineering, Sciences and Technology Conference;B2;
IFAC;World Congress of the International Federation of Automatic Control;A1;
IFIPIoT;IFIP International Internet of Things Conference;B4;
IFIPISC;IFIP International Information Security Conference;B2;
IFM;International Conference on Integrated Formal Methods;A3;
IFSA;World Congress of International Fuzzy Systems Association;B2;
IGSC;International Green and Sustainable Computing Conference;B1;
IH&MMSec;ACM Workshop on Information Hiding and Multimedia Security;A3;
IHC;Simpósio Brasileiro sobre Fatores Humanos em Sistemas Computacionais;A3;
IHM;Conférence Francophone sur l’Interaction Homme-Machine;B4;
IIH-MSP;International Conference on Intelligent Information Hiding and Multimedia Signal Processing;B3;
IISA;International Conference on Information, Intelligence, Systems and Applications;A4;
IISWC;IEEE International Symposium on Workload Characterization;A3;
IIWAS;International Conference on Information Integration and Web-based Applications & Services;B1;
IJCAI;International Joint Conference on Artificial Intelligence;A1;
IJCAR;International Joint Conference on Automated Reasoning;A3;
IJCCI;International Joint Conference on Computational Intelligence;B1;
IJCNLP;International Joint Conference on Natural Language Processing;A2;
IJCNN;IEEE International Joint Conference on Neural Networks;A1;
ILA;Interaction Latin America;B4;
ILP;International Conference on Inductive Logic Programming;B2;
IM;IFIP/IEEE International Symposium on Integrated Network Management;A3;
IMBSA;International Symposium on Model-Based Safety and Assessment;B3;
IMC;ACM Internet Measurement Conference;A1;
IMCOM;International Conference on Ubiquitous Information Management and Communication;B1;
IMIS;International Conference on Innovative Mobile and Internet Services in Ubiquitous Computing;B1;
IMOC;SBMO/IEEE MTT-S International Microwave and Optoelectronics Conference;B3;
INCOS;International Conference on Intelligent Networking and Collaborative Systems;A4;
INDIN;IEEE International Conference on Industrial Informatics;A3;
INDOCRYPT;International Conference on Cryptology in India;B1;
INDUSCON;International Conference on Industry Applications;B1;
INFOCOM;IEEE International Conference on Computer Communications;A1;
InfoVis;IEEE Information Visualization;B4;
INLG;International Natural Language Generation conference;A3;
INOC;International Network Optimization Conference;B4;
INSCIT;International Symposium on Instrumentation Systems, Circuits and Transducers;B3;
INTECH;International Conference on Innovative Computing Technology;A4;
INTELLISYS;SAI Intelligent Systems Conference;A4;
INTERACT;IFIP TC 13 International Conference on Human-Computer Interaction;A3;
INTERSPEECH;Conference of the International Speech Communication Association;A1;
INTESA;INTelligent Embedded Systems Architectures and Applications Workshop;B3;
IOLTS;IEEE International On-Line Testing Symposium;B1;
IoTAAL;Workshop on Internet of Things for Ambient Assisted Living;B4;
IoTBDS;International Conference on Internet of Things and Big Data and Security;A4;
IOTSMS;International Conference on Internet of Things: Systems, Management and Security;B2;
IPAW;International Provenance and Annotation Workshop;B2;
IPCCC;International Performance, Computing, and Communications Conference;A4;
IPCO;Conference on Integer Programming and Combinatorial Optimization;A3;
IPCVWC;International Conference on Image Processing, Computer Vision, and Pattern Recognition;B3;
IPDLN;International Population Data Linkage Network;B4;
IPDPS;IEEE International Parallel & Distributed Processing Symposium;A1;
IPDPSW;IEEE International Parallel & Distributed Processing Symposium Workshops;B3;
IPEC;International Symposium on Parameterized and Exact Computation;B1;
IPMU;International Conference on Information Processing and Management of Uncertainty in Knowledge-Based Systems;B1;
IPSN;International Conference on Information Processing in Sensor Networks;A2;
IRC;IEEE International Conference on Robotic Computing;A4;
IRI;IEEE International Conference on Information Reuse and Integration;A3;
IRIS;IEEE International Symposium on Robotics and Intelligent Sensors;B2;
IROS;IEEE/RSJ International Conference on Intelligent Robots and Systems;A1;
ISAAC;International Symposium on Algorithms and Computation;A4;
ISADS;International Symposium on Autonomous Decentralized Systems;B4;
ISAM;IEEE International Symposium on Assembly and Manufacturing;B2;
ISAmI;International Symposium on Ambient Intelligence;B3;
ISAP;International Conference on Intelligent System Applications to Power Systems;B2;
ISAS;International Static Analysis Symposium;A3;
ISBI;IEEE International Symposium on Biomedical Imaging;A1;
ISBRA;International Symposium on Bioinformatics Research and Applications;B1;
ISC;International Supercomputing Conference;A3;
ISC2;IEEE International Smart Cities Conference;A3;
ISCA;International Symposium on Computer Architecture;A1;
ISCAS;IEEE International Symposium on Circuits and Systems;A1;
ISCC;International Symposium on Computers and Communications;A2;
ISCIS;International Symposium on Computer and Information Sciences;A3;
ISCO;International Symposium on Combinatorial Optimization;B3;
ISCRAM;International Conference on Information Systems for Crisis Response and Management;A4;
ISD;International Conference on Information Systems Development;B1;
ISDA;International Conference on Intelligent Systems Design and Applications;B1;
ISEA;International Symposium on Electronic Arts;B4;
ISeC;International Conference on Information Security;B2;
ISECON;Information Systems Education Conference;B2;
ISER;International Symposium on Experimental Robotics;A3;
ISGT;IEEE PES Innovative Smart Grid Technologies;A3;
ISGT-Europe;IEEE PES Innovative Smart Grid Technologies Conference Europe;A3;
ISGT-LA;IEEE PES Innovative Smart Grid Technologies Latin America;B2;
ISI;IEEE International Conference on Intelligence and Security Informatics;A3;
ISIE;IEEE International Symposium on Industrial Electronics;A3;
ISLPED;International Symposium on Low Power Electronics and Design;A3;
ISM;IEEE International Symposium on Multimedia;A3;
ISMAR;IEEE International Symposium on Mixed and Augmented Reality;A2;
ISMB/ECCB;Intelligent Systems for Molecular Biology / European Conference on Computational Biology;B3;
ISMCR;International Symposium on Measurement and Control in Robotics;B4;
ISMEM;International Symposium on Memory Management;B2;
ISMIR;International Society for Music Information Retrieval Conference;A1;
ISMIS;International Symposium on Methodologies for Intelligent Systems;B2;
ISMM;International Symposium on Mathematical Morphology;B1;
ISMR;International Symposium on Medical Robotics;B1;
ISMSI;International Conference on Intelligent Systems, Metaheuristics & Swarm Intelligence;B3;
ISMVL;IEEE International Symposium on Multiple-Valued Logic;B1;
ISNN;International Symposium on Neural Networks;A4;
ISOLA;International Symposium on Leveraging Applications of Formal Methods, Verification and Validation;A3;
ISORC;IEEE International Symposium on RealTime Distributed Computing;A4;
ISPASS;IEEE International Symposium on Performance Analysis of Systems and Software;A3;
ISPD;ACM International Symposium on Physical Design;A3;
ISPDC;International Symposium on Parallel and Distributed Computing;B2;
ISQED;International Symposium on Quality Electronic Design;A4;
ISR;IEEE International Conference on Intelligence and Safety for Robotics;B3;
ISRR;International Symposium on Robotics Research;B3;
ISS;ACM International Conference on Interactive Surfaces and Spaces;A3;
ISSA;Information Security for South Africa;B4;
ISSCC;IEEE International Solid-State Circuits Conference;A1;
ISSI;International Society of Scientometrics and Informetrics Conference;B2;
ISSRE;IEEE International Symposium on Software Reliability Engineering;A3;
ISSREW;IEEE International Symposium on Software Reliability Engineering Workshops;B3;
ISSTA;International Symposium on Software Testing and Analysis;A1;
ISTAR;International i*Workshop;B4;
ISVC;International Symposium on Visual Computing;A4;
ISVLSI;IEEE Computer Society Annual Symposium on VLSI;A3;
ISW;Information Security Conference;A4;
ISWC;International Semantic Web Conference;A1;
ISWCS;International Symposium on Wireless Communication Systems;A3;
ITC;International Test Conference;A4;
ITCS;Conference on Innovations in Theoretical Computer Science;A2;
ITDRR;Information Technology in Disaster Risk Reduction;B3;
ITHET;International Conference on Information Technology Based Higher Education and Training;B1;
ITICSE;Conference on Innovation and Technology in Computer Science Education;A3;
ITNG;International Conference on Information Technology : New Generations;B4;
ITP;International Conference on Interactive Theorem Proving;A3;
ITS;International Conference on Intelligent Tutoring Systems;A3;
ITSC;IEEE International Conference on Intelligent Transportation Systems;A1;
ITSS;Interactive Tabletops and Surfaces;B4;
IUI;International Conference on Intelligent User Interfaces;A1;
IV;International Conference on Information Visualization;B1;
IVA;International Conference on Intelligent Virtual Agents;A3;
IVAPP;International Conference on Information Visualization Theory and Applications;B2;
IWANN;International Work-Conference on Artificial Neural Networks;B1;
IWBBIO;International Work-Conference on Bioinformatics and Biomedical Engineering;A3;
IWBF;International Workshop on Biometrics and Forensics;A4;
IWCMC;International Wireless Communications and Mobile Computing Conference;A2;
IWCS;International Workshop on Computational Semantics;B4;
IWCTS;International Workshop on Computational Transportation Science;B2;
IWGS;ACM Workshop on GeoStreaming;B3;
IWOCA;International Workshop on Combinatorial Algorithms;B2;
IWOMP;International Workshop on OpenMP;B1;
IWS;Iberchip Workshop;B4;
IWSECO;International Workshop on Software Ecosystems;B3;
IWSSIP;International Conference on Systems, Signals and Image Processing;A3;
jAUTI;Iberoamerican Conference on Applications and Usability of Interactive TV;B4;
JCDL;ACM/IEEE Joint Conference on Digital Libraries;A3;
JCSG;Joint International Conference on Serious Games;B2;
JSSPP;Workshop on Job Scheduling Strategies for Parallel Processing;B3;
JURIX;International Conference on Legal Knowledge and Information Systems;B1;
KDD;ACM SIGKDD Conference on Knowledge Discovery and Data Mining;A1;
KDIR;International Conference on Knowledge Discovery and Information Retrieval;B1;
KDMILE;Symposium on Knowledge Discovery, Mining and Learning;B3;
KEPS;Workshop on Knowledge Engineering for Planning and Scheduling;B4;
KES;International Conference on Knowledge-Based and Intelligent Information & Engineering Systems;B4;
KESAMSTA;International KES Conference on Agents and Multi-Agent Systems: Technologies and Applications;B3;
KESW;International Conference on Knowledge Engineering and Semantic Web;B2;
KMO;International Conference on Knowledge Management in Organizations;B2;
KR;International Conference on Principles of Knowledge Representation and Reasoning;A3;
L@S;ACM Conference on Learning @ Scale;A2;
LA-CCI;Latin American Conference on Computational Intelligence;B2;
LAC;Linux Audio Conference;B2;
LACLO;Latin American Conference on Learning Objects and Technologies;B3;
LADC;Latin-American Symposium on Dependable Computing;A4;
LAGIRS;IEEE Latin American GRSS & ISPRS Remote Sensing Conference;B3;
LAGOS;Latin-American Algorithms, Graphs and Optimization Symposium;B4;
LAK;International Learning Analytics and Knowledge Conference;A1;
LANC;Latin American Networking Conference;B3;
LANMAN;IEEE International Symposium on Local and Metropolitan Area Networks;B1;
LANOMS;Latin American Network Operations and Management Symposium;B4;
LARS;IEEE Latin American Robotics Symposium;B1;
LASCAS;IEEE Latin American Symposium on Circuits and Systems;A4;
LATIN;Latin American Theoretical Informatics Symposium;A3;
LATINCLOUD;IEEE Latin America Conference on Cloud Computing and Communications;B4;
LATINCOM;IEEE Latin-American Conference on Communications;B1;
LATINCRYPT;International Conference on Cryptology and Information Security in Latin America;B2;
LATINOWARE;Congresso Latino-americano de Software Livre e Tecnologias Abertas;B4;
LATS;IEEE Latin American Test Symposium;B1;
LAW;Linguistic Annotation Workshop;A3;
LAWCG;Latin American Workshop on Cliques in Graphs;B4;
LAWCN;Latin-American Workshop on Computational Neuroscience;B4;
LAWEB;Latin American Web Congress;B4;
LCN;IEEE Conference on Local Computer Networks;A3;
LCTES;ACM SIGPLAN/SIGBED Conference on Languages, Compilers, and Tools for Embedded Systems;B1;
LCTRTS;ACM SIGPLAN/SIGBED Conference on Languages, Compilers, and Tools for Real-Time Systems;B4;
LDAV;IEEE Symposium on Large Data Analysis and Visualization;B4;
LFCS;Symposium on Logical Foundations of Computer Science;B2;
LICS;ACM/IEEE Symposium on Logic in Computer Science;A2;
LIDTA;Workshop on Learning with Imbalanced Domains: Theory and Applications;B2;
LINKDEM;Workshop on Linked Democracy : Artificial Intelligence for Democratic Innovation;B4;
LION;Learning and Intelligent Optimization Conference;B1;
LMCS;Logical Methods in Computer Science;A3;
LocalRec;International Workshop on Location-Based Recommendations, Geosocial Networks and Geoadvertising;B4;
LocWeb;International Workshop on Location and the Web;B3;
LoPaS;Location Privacy and Security Workshop;B4;
LOPSTR;International Symposium on Logic-based Program Synthesis and Transformation;B1;
LREC;International Conference on Language Resources and Evaluation;A1;
LSFA;International Workshop on Logical and Semantic Frameworks, with Applications;B3;
LTEC;International Workshop on Learning Technology for Education Challenges;B3;
M4IOT;Workshop on Middleware for Context-Aware Applications in the IoT;B4;
MABS;International Workshop on Multi-Agent Based Simulation;B3;
MANSDNNFV;International Workshop on Management of SDN and NFV Systems;B4;
MASCOTS;International Symposium on the Modeling, Analysis, and Simulation of Computer and Telecommunication Systems;A4;
MASS;IEEE International Conference on Mobile Adhoc and Sensor Systems;A4;
MASS2;IEEE International Conference on Mobile Ad-Hoc and Smart Systems;B4;
MATES;German Conference on Multiagent System Technologies;B3;
MCDM;International Conference on Multiple Criteria Decision Making;B4;
MCM;International Conference on Mathematics and Computation in Music;B3;
MCPR2;Mexican Conference on Pattern Recognition;B3;
MCSoC;International Symposium on Embedded Multicore/Many-core Systems-on- Chip;B2;
MDAI;International Conference on Modeling Decisions for Artificial Intelligence;B2;
MDM;IEEE International Conference on Mobile Data Management;A3;
MED;Mediterranean Conference on Control and Automation;A3;
MedComNet;Mediterranean Communication and Computer Networking Conference;B4;
MEDES;International Conference on Management of Emergent Digital EcoSystems;B4;
MEDHOCNET;Mediterranean Ad Hoc Networking Workshop;A4;
MEDINFO;World Congress on Medical and Health Informatics;A2;
MEMEA;IEEE International Symposium on Medical Measurements and Applications;A4;
MEMSYS;International Symposium on Memory Systems;A4;
MEPDaW;Managing the Evolution and Preservation of the Data Web;B4;
MESA;IEEE/ASME International Conference on Mechatronic and Embedded Systems and Applications;B1;
META;International Workshop on Meta-Programming Techniques and Reflection;B4;
MetaLearn;Workshop on Meta-Learning;B4;
MFCS;International Symposium on Mathematical Foundations of Computer Science;A3;
MFI;IEEE International Conference on Multisensor Fusion and Integration for Intelligent Systems;B1;
MIC;Metaheuristics International Conference;B3;
MICAI;Mexican International Conference on Artificial Intelligence;B2;
MICRO;IEEE/ACM International Symposium on Microarchitecture;A1;
MIDDLEWARE;International Middleware Conference;A3;
MIE;Medical Informatics Europe;A2;
MIG;ACM Siggraph Conference on Motion in Games;A4;
MILCOM;Military Communications Conference;A2;
MISE;Workshop on Modeling in Software Engineering;B3;
MIXDES;International Conference on Mixed Design of Integrated Circuits and Systems;B2;
ML4H;Machine Learning for Health;B1;
MLDM;International Conference on Machine Learning and Data Mining in Pattern Recognition;B1;
MLOBD;International Workshop on Machine Learning, Optimization and Big Data;B2;
MLSP;IEEE International Workshop on Machine Learning for Signal Processing;A3;
MMAR;International Conference on Methods and Models in Automation and Robotics;A4;
MMM;International Conference on Multimedia Modelling;A3;
MMRP;International Workshop on Multilayer Music Representation and Processing;B2;
MMSP;International Workshop on Multimedia and Signal Processing;A3;
MMSYS;ACM Multimedia Systems Conference;A2;
MNR;Mostra Nacional de Robótica;B4;
MobiArch;Workshop on Mobility in the Evolving Internet Architecture;B3;
MOBICOM;ACM/IEEE International Conference on Mobile Computing and Networking;A1;
MOBIHOC;ACM International Symposium on Mobile Ad Hoc Networking and Computing;A2;
MOBILEHCI;International Conference on Human-Computer Interaction with Mobile Devices and Services;A2;
MOBILESOFT;International Conference on Mobile Software Engineering and Systems;A3;
MOBIQUITOUS;International Conference on Mobile and Ubiquitous Systems: Computing, Networking and Services;A4;
MobiSys;Annual International Conference on Mobile Systems, Applications, and Services;A1;
MOBIWAC;ACM International Symposium on Mobility Management and Wireless Access;B2;
MOCO;International Conference on Movement and Computing;B1;
MODELS;International Conference on Model Driven Engineering Languages and Systems;A3;
MODELSWARD;International Conference on Model-Driven Engineering and Software Development;A4;
MODRE;International Model-Driven Requirements Engineering;B4;
MODULARITY;International Conference on Modularity;B4;
MoMM;International Conference on Advances in Mobile Computing & Multimedia;B2;
MRS;International Symposium on Multi-Robot and Multi-Agent Systems;B1;
MSN;International Conference on Mobile Ad-Hoc and Sensor Networks;B2;
MSR;Working Conference on Mining Software Repositories;A1;
MSSiS;Workshop deModelagem e Simulação de Sistemas Intensivos em Software;B4;
MSST;IEEE Symposium on Mass Storage Systems and Technologies;B2;
MSWIM;ACM International Conference on Modeling, Analysis and Simulation of Wireless and Mobile Systems;A4;
MTSR;International Conference on Metadata and Semantics Research;B2;
MULTI;International Workshop on Multi-Level Modeling;B4;
MULTITEMP;International Workshop on the Analysis of Multitemporal Remote Sensing Images;B2;
MUM;International Conference on Mobile and Ubiquitous Multimedia;A4;
MVA;IAPR International Conference on Machine Vision Applications;A3;
MWE;Workshop on Multiword Expressions;B2;
MWSCAS;International Midwest Symposium on Circuits and Systems;A4;
NAACL;North American Chapter of the Association for Computational Linguistics Annual Meeting;A1;
NAFIPS;Annual Conference of the North American Fuzzy Information Processing Society;B1;
NCA;IEEE International Symposium on Network Computing and Applications;A4;
NDSS;Network and Distributed System Security Symposium;A1;
NESY@HLAI;Workshop on Neural-Symbolic Learning and Reasoning;B4;
NETSOFT;IEEE Conference on Network Softwarization;A2;
NetSys;International Conference on Networked Systems;B2;
NETWORKING;IFIP Networking Conference;A3;
NETWORKS;International Telecommunications Network Strategy and Planning Symposium;B2;
NeurIPS;Neural Information Processing Systems;A1;
NEW2AN;International Conference on Internet of Things, Smart Spaces, and Next Generation Networks and Systems;B4;
NEWCAS;IEEE International New Circuits and Systems Conference;B2;
NFM;NASA Formal Methods Symposium;A3;
NFV-SDN;IEEE Conference on Network Function Virtualization and Software Defined Networks;A4;
NHT;Workshop on Narrative and Hypertext;B4;
NIME;International Conference on New Interfaces for Musical Expression;A3;
NLDB;International Conference on Application of Natural Language to Information Systems;B1;
NOCS;ACM/IEEE International Symposium on Networks-on-Chip;A3;
NOF;International Conference on Network of the Future;B1;
NOMS;IEEE/IFIP Network Operations and Management Symposium;A2;
NORCAS;Nordic Circuits and Systems Conference;B3;
NordiCHI;Nordic Conference on Human-Computer Interaction;A3;
NSDI;Networked Systems Design and Implementation;A1;
NSS;Network and System Security;B2;
NSV;International Workshop on Numerical Software Verification;B3;
NTMS;IFIP International Conference on New Technologies, Mobility and Security;A3;
OCEAN;IEEE Oceans Conference;B1;
OM;International Workshop on Ontology Matching;A4;
ONDM;Conference on Optical Network Design and Modeling;B1;
ONTOBRAS;Seminar on Ontology Research in Brazil;B3;
Onward!;Onward!;B3;
OOPSLA;Conference on Object-Oriented Programming Systems, Languages, and Applications;B3;
OpenSym;International Symposium on Open Collaboration;B1;
OPODIS;International Conference on Principles of Distributed Systems;A3;
OR;International Conference on Operations Research;B3;
OSDI;USENIX Symposium on Operating Systems Design and Implementation;A1;
OSS;International Conference on Open Source Systems;B1;
OzCHI;Australian Conference on Human-Computer Interaction;A3;
PAAMS;International Conference on Practical Applications of Agents, Multi-Agent Systems and Sustainability;A3;
PAAR;Practical Aspects of Automated Reasoning;B4;
PACBB;International Conference on Practical Applications of Computational Biology & Bioinformatics;B1;
PacificVis;IEEE Pacific Visualization Symposium;A3;
PACIS;Pacific Asia Conference on Information Systems;A2;
PACT;International Conference on Parallel Computing Technologies;B2;
PACTT;International Conference on Parallel Architectures and Compilation Techniques;A3;
PAKDD;Pacific-Asia Conference on Knowledge Discovery and Data Mining;A2;
PAM;Passive and Active Network Measurement Conference;A3;
ParCO;International Conference on Parallel Computing;B3;
PATAT;International Conference on the Practice and Theory of Automated Timetabling;B4;
PATMOS;International Workshop on Power and Timing Modeling, Optimization and Simulation;B2;
PATTERNS;International Conferences on Pervasive Patterns and Applications;B4;
PDC;Participatory Design Conference;A3;
PDCAT;International Conference on Parallel and Distributed Computing, Applications and Technologies;B2;
PDES;IFAC International Conference on Programmable Devices and Embedded Systems;B4;
PDP;Euromicro International Conference on Parallel, Distributed and Network- Based Processing;A4;
PE-WASUN;ACM International Symposium on Performance Evaluation of Wireless Ad Hoc, Sensor, and Ubiquitous Networks;B4;
PECCS;Pervasive and Embedded Computing and Communication Systems;B4;
PERCOM;International Conference on Pervasive Computing and Communications;A2;
PerComW;IEEE International Conference on Pervasive Computing and Communication Workshops;B3;
PervasiveHealth;International Conference on Pervasive Computing Technologies for Healthcare;A3;
PESOS;International Workshop on Principles of Engineering Service-Oriented and Cloud Systems;B4;
PETRA;ACM International Conference on PErvasive Technologies Related to Assistive Environments;A4;
PG;Pacific Conference on Computer Graphics and Applications;A1;
PGM;International Conference on Probabilistic Graphical Models;B3;
PIMRC;International Symposium on Personal, Indoor and Mobile Radio Communications;A2;
PKC;International Conference on Practice and Theory in Public Key Cryptography;A2;
PLATIAL;International Symposium on Platial Information Science;B4;
PLDI;SIGPLAN Conference on Programming Language Design and Implementation;A1;
PLOP;Conference on Pattern Languages of Programs;B4;
PODC;ACM Symposium on Principles of Distributed Computing;A2;
PODS;Symposium on Principles of Database Systems;A2;
PoEM;IFIP WG 8.1 Working Conference on the Practice of Enterprise Modelling;B1;
POPL;Symposium on Principles of Programming Languages;A1;
POST;International Conference on Principles of Security and Trust;B1;
PP;SIAM Conference on Parallel Processing for Scientific Computing;B4;
PPAM;International Conference on Parallel Processing and Applied Mathematics;B3;
PPDP;International Symposium on Principles and Practice of Declarative Programming;A4;
PPOPP;ACM SIGPLAN Symposium on Principles and Practice of Parallel Programming;A2;
PPSN;International Conference on Parallel Problem Solving from Nature;A3;
PRDC;Pacific Rim International Symposium on Dependable Computing;B1;
PredictGIS;International Workshop on Prediction of Human Mobility;B4;
PRIMA;nternational Conference on Principles and Practice of Multi-Agent Systems;B2;
PrivOn;Workshop on Society, Privacy and the Semantic Web;B4;
PROFES;International Conference on Product-Focused Software Process Improvement;A4;
PROMISE;International Conference on Predictive Models and Data Analytics in Software Engineering;A4;
PROPOR;International Conference on Computational Processing of the Portuguese Language;A4;
PSB;Pacific Symposium on Biocomputing;A2;
PSCC;Power Systems Computation Conference;A2;
PST;International Conference on Privacy, Security and Trust;A3;
Q2SWinet;ACM Symposium on QoS and Security for Wireless and Mobile Networks;B3;
QoMEX;International Workshop on Quality of Multimedia Experience;A2;
QUATIC;International Conference on Quality of Information and Communications Technology;B2;
RADECS;European Conference on Radiation and its Effects on Components and Systems;B2;
RAHA;IEEE Internacional Conference on Robotics and Automation for Humanitarian Applications;B4;
RAID;International Symposium on Research in Attacks, Intrusions, and Defenses;A3;
RANLP;International Conference on Recent Advances in Natural Language Processing;A3;
RCAR;IEEE International Conference on Real-time Computing and Robotics;B1;
RCIS;International Conference on Research Challenges in Information Science;B1;
RE;IEEE International Requirements Engineering Conference;A2;
REBLS;Workshop on Reactive and Event-Based Languages and Systems;B4;
RECOMB;International Conference on Research in Computational Molecular Biology;A3;
RECONFIG;International Conference on Reconfigurable Computing and FPGAs;B1;
RECOSOC;International Symposium on Reconfigurable Communication-centric Systems- on-Chip;B2;
RECSYS;ACM Conference on Recommender Systems;A1;
REFSQ;International Working Conference on Requirements Engineering: Foundations for Software Quality;A4;
RICE;International Conference on Research in Intelligent and Computing in Engineering;B2;
RITA;International Conference on Robot Intelligence Technology and Applications;B3;
RO-MAN;IEEE International Symposium on Robot and Human Interactive Communication;A2;
ROBIO;IEEE International Conference on Robotics and Biomimetics;A3;
ROBOCUP;Robocup International Symposium;A3;
RoboSoft;IEEE International Conference on Soft Robotics;A4;
ROBOT;Iberian Robotics Conference;B2;
RoMoCo;International Workshop on Robot Motion and Control;B2;
ROOTS;Reversing and Offensive-Oriented Trends Symposium;B4;
ROSE;IEEE International Symposium on Robotic and Sensors Environments;B3;
RSP;IEEE International Symposium on Rapid System Prototyping;B3;
RSS;Robotics: Science and Systems;A1;
RTAS;IEEE REAL-TIME AND EMBEDDED TECHNOLOGY AND APPLICATIONS SYMPOSIUM;A2;
RTCSA;International Conference on Embedded and Real-Time Computing Systems and Applications;A3;
RTIS;International Conference on Real Time Intelligent Systems;B3;
RTSS;Real-Time Systems Symposium;A3;
RuleML+RR;International Joint Conference on Rules and Reasoning;B1;
S&P;IEEE Symposium on Security and Privacy;A1;
SAC;ACM Symposium on Applied Computing;A2;
SACI;IEEE International Symposium on Applied Computational Intelligence and Informatics;B1;
SACMAT;ACM Symposium on Access Control Models and Technologies;A4;
SACRYPT;Workshop on Selected Areas in Cryptography;A3;
SAFECOMP;International Conference on Computer Safety, Reliability, and Security;A3;
SAMOS;International Conference on Embedded Computer Systems: Architectures, Modeling and Simulation;B1;
SANER;IEEE International Conference on Software Analysis, Evolution and Reengineering;A1;
SARNOFF;IEEE Sarnoff Symposium;B2;
SAS;IEEE Sensors Applications Symposium;A3;
SAST;Brazilian Symposium on Systematic and Automated Software Testing;B1;
SAT;International Conference on Theory and Applications of Satisfiability Testing;A3;
SBAC-PAD;International Symposium on Computer Architecture and High Performance Computing;A4;
SBACPADW;International Symposium on Computer Architecture and High Performance Computing Workshop;B4;
SBAI;Simpósio Brasileiro de Automação Inteligente;B4;
SBBD;Simpósio Brasileiro de Banco de Dados;A4;
SBCARS;Brazilian Symposium on Components, Architectures and Reuse Software;B1;
SBCAS;Simpósio Brasileiro de Computação Aplicada à Saúde;A4;
SBCCI;Symposium on Integrated Circuits and Systems Design;A4;
SBCM;Simpósio Brasileiro de Computação Musical;B1;
SBCUP;Simpósio Brasileiro de Computação Ubíqua e Pervasiva;B4;
SBES;Brazilian Symposium on Software Engineering;A3;
SBESC;Brazilian Symposium on Computing Systems Engineering;A4;
SBGAMES;Simpósio Brasileiro de Jogos e Entretenimento Digital;A4;
SBIAGRO;Congresso Brasileiro de Agroinformática;B4;
SBIE;Simpósio Brasileiro de Informática na Educação;A3;
SBLP;Brazilian Symposium on Programming Languages;A4;
SBMF;Brazilian Symposium on Formal Methods;A4;
SBMICRO;Symposium on Microelectronics Technology and Devices;B4;
SBPO;Simpósio Brasileiro de Pesquisa Operacional;A4;
SBQS;Simpósio Brasileiro de Qualidade de Software;B1;
SBRC;Simpósio Brasileiro de Redes de Computadores e Sistemas Distribuídos;A4;
SBrT;Simpósio Brasileiro de Telecomunicações e Processamento de Sinais;B4;
SBSC;Simpósio Brasileiro de Sistemas Colaborativos;B1;
SBSeg;Simpósio Brasileiro de Segurança da Informação e de Sistemas Computacionais;A4;
SBSI;Simpósio Brasileiro de Sistemas de Informação;A4;
SBSR;Simpósio Brasileiro de Sensoriamento Remoto;B3;
SBTI;Simpósio Brasileiro de Tecnologia da Informação;B4;
SC;International Conference for High Performance Computing, Networking, Storage and Analysis;A1;
SCA;ACM SIGGRAPH/Eurographics Symposium on Computer Animation;A3;
SCAM;IEEE International Working Conference on Source Code Analysis and Manipulation;A4;
SCCTSA;International Workshop on Smart City Clouds: Technologies, Systems and Applications;B4;
SciVis;IEEE Scientific Visualization;B4;
SCOPES;Software and Compilers for Embedded Systems;B2;
SDM;SIAM International Conference on Data Mining;A1;
SDPC;International Conference on Sensing, Diagnostics, Prognostics, and Control;B3;
SDS;International Conference on Software Defined Systems;A4;
SE4Science;International Workshop on Software Engineering for Science;B2;
SEA;International Symposium on Experimental Algorithms;A3;
SEAA;Euromicro Conference on Software Engineering and Advanced Applications;A4;
SeAC;Workshop on Self-Aware Computing;B4;
SEAMS;International Symposium on Software Engineering for Adaptive and Self- Managing Systems;A3;
SEC;International Conference on ICT Systems Security and Privacy Protection;A4;
SeCoGis;International Workshop on Semantic and Conceptual Issues in Geographic Information Systems;B3;
SECON;IEEE International Conference on Sensing, Communication and Networking;A2;
SECRYPT;International Conference on Security and Cryptography;B1;
SEFM;International Conference on Software Engineering and Formal Methods;A3;
SEGAH;International Conference on Serious Games and Applications for Health;A3;
SEKE;International Conference on Software Engineering and Knowledge Engineering;A4;
SEMEVAL;International Workshop on Semantic Evaluation;A1;
SEMISH;Seminário Integrado de Software e Hardware;A4;
SENSORNETS;International Conference on Sensor Networks;B2;
SenSys;ACM Conference on Embedded Network Sensor Systems;A2;
SEPLN;CONFERENCE OF THE SPANISH SOCIETY FOR NATURAL LANGUAGE PROCESSING;B4;
SERA;Software Engineering Research, Management and Applications;B2;
SERIAL;Workshop on Scalable and Resilient Infrastructures for Distributed Ledgers;B2;
SERP4IoT;International Workshop on Software Engineering Research & Practices for the Internet of Things;B3;
SERVICES;IEEE World Congress on Services;B1;
SESoS;International Workshop on Software Engineering for Systems-of-Systems;B3;
SeWeBMeDA;Workshop on Semantic Web Solutions for Large-Scale Biomedical;B4;
SGP;Eurographics Symposium on Geometry Processing;A1;
SIBGRAPI;Conference on Graphics, Patterns and Images;A3;
SIES;International Symposium on Industrial Embedded Systems;B2;
SIGCOMM;ACM SIGCOMM Conference;A1;
SIGCSE;ACM Technical Symposium on Computer Science Education;A2;
SIGDIAL;Annual Meeting of the Special Interest Group on Discourse and Dialogue;A2;
SIGDOC;ACM International Conference on Design of Communication;B2;
SIGGRAPH;International Conference and Exibition on Computer Graphics and Interactive Techniques;A1;
SIGGRAPH Asia;ACM International Conference On Computer Graphics & Interactive Techniques / Asia;A1;
SIGIR;International ACM SIGIR Conference on Research and Development in Information Retrieval;A1;
SIGIReCom;SIGIR Workshop on eCommerce;B4;
SIGKDD;ACM International Conference on Knowledge Discovery and Data Mining;B4;
SIGMOD;ACM Conference on Management of Data;A1;
SIGSE;ACM Technical Symposium on Computer Science Education;A2;
SIGSPATIAL;ACM SIGSPATIAL International Conference on Advances in Geographic Information Systems;A3;
SII;IEEE/SICE International Symposium on System Integration;B1;
SIIE;Simpósio Internacional de Informática Educatica;B1;
SIMBig;Annual International Symposium on Information Management and Big Data;B3;
SIMPAR;IEEE International Conference on Simulation, Modeling, and Programming for Autonomous Robots;B1;
SIMPDA;International Sysmposium on Data-Driven Process Discovery and Analysis;B4;
SIMULTECH;International Conference on Simulation and Modeling Methodologies, Technologies and Applications;B2;
SIoT;International Workshop on Secure Internet of Things;B3;
SISAP;nternational Conference on Similarity Search and Applications;B1;
SLATE;Symposium on Languages, Applications and Technologies;B3;
SLE;ACM SIGPLAN International Conference on Software Language Engineering;A4;
SLERD;Conference on Smart Learning Ecosystems and Regional Development;B3;
SMARTCOMP;International Conference on Smart Computing;A3;
SMARTGREENS;International Conference on Smart Grids and Green ICT Systems;B2;
SMARTGRIDCOMM;IEEE International Conference on Smart Grid Communications;A3;
SMC;IEEE International Conference on Systems, Man and Cybernetics;A2;
SMusC;Sound and Music Computing Conference;B1;
SNAA;Workshop on Social Network Analysis in Applications;B4;
SOCA;IEEE Conference on Service-Oriented Computing and Applications;B4;
SOCC;IEEE International System-on-Chip Conference;B1;
SoCG;International Symposium on Computational Geometry;A3;
SOCIALCOM;International Conference on Social Computing;A4;
SOCINFO;International Conference on Social Informatics;A3;
SoCPaR;International Conference on Soft Computing and Pattern Recognition;B3;
SODA;ACM-SIAM Symposium on Discrete Algorithms;A1;
SOFSEM;International Conference on Current Trends in Theory and Practice of Computer Science;B2;
SOFTCOM;International Conference on Software, Telecommunications and Computer Networks;A4;
SOFTENG-IARIA;IARIA International Conference on Advances and Trends in Software Engineering;B4;
SoftStart;International Workshop on Software Engineering for Startups;B4;
SORT;IEEE Workshop on Self-Organizing Real-Time Systems;B4;
SOSE;IEEE International Symposium on Service-Oriented System Engineering;A4;
SoSEC;IEEE Annual System of Systems Engineering Conference;A3;
SOSP;ACM Symposium on Operating Systems Principles;A1;
SOSR;Symposium on Software Defined Networking Research;A2;
SOUPS;Symposium On Usable Privacy and Security;A2;
SoWeMi;International Workshop on Mining the Social Web;B4;
SPAA;ACM Symposium on Parallelism in Algorithms and Architectures;A3;
SpaCCS;International Conference on Security, Privacy and Anonymity in Computation, Communication and Storage;B1;
SPACE;International Conference on Security, Privacy, and Applied Cryptography Engineering;B1;
SpatialBigData;Spatial Big Data and Machine Learning in GIScience;B4;
SpatialGems;ACM SIGSPATIAL International Workshop on Spatial Gems;B4;
SPIRE;International Symposium on String Processing and Information Retrieval;B1;
SPLASH;ACM SIGPLAN Conference on Systems, Programming, Languages, and Applications: Software for Humanity;B1;
SPLC;International Software Product Line Conference;A3;
SPM;International Conference on Signal, Image Processing and Multimedia;B4;
SpringSim;Spring Simulation Conference;B1;
SRDS;IEEE Symposium on Reliable Distributed Systems;A3;
SSBSE;International Symposium on Search Based Software Engineering;B1;
SSCC;International Symposium on Security in Computing and Communications;B2;
SSCI;IEEE Symposium Series on Computational Intelligence;A2;
SSDBM;International Conference on Scientific and Statistical Database Management;A3;
SSIAI;Southwest Symposium on Image Analysis and Interpretation;B2;
SSPR;International Workshop on Structural and Syntactic Pattern Recognition;B1;
SSRR;International Symposium on Safety, Security and Rescue Robotics;A3;
SSTD;International Symposium on Spatial and Temporal Databases;A4;
STACS;Symposium on Theoretical Aspects of Computer Science;A3;
STIL;Brazilian Symposium in Information and Human Language Technology;B1;
STOC;ACM Symposium on Theory of Computing;A1;
SUGARLOAFPLOP;Latin American Conference on Pattern Languages of Programs;B4;
SUI;Symposium on Spatial User Interaction;A3;
SUM;International Conference on Scalable Uncertainty Management;B2;
SustainIT;Conference on Sustainable Internet and ICT for Sustainability;B4;
SVR;Symposium on Virtual and Augmented Reality;A4;
SWAT;Scandinavian Workshop on Algorithm Theory;B2;
SWQD;Conference Software Quality Days;A3;
SYSCON;IEEE International Systems Conference;A4;
SYSTOL;Conference on Control and Fault-Tolerant Systems;B1;
TABLEAUX;International Conference on Automated Reasoning with Analytic Tableaux and Related Methods;B1;
TAC;Text Analysis Conference;B1;
TACAS;International Conference on Tools and Algorithms for the Construction and Analysis of Systems;A2;
TAPAS;Workshop on Tools for Automatic Program Analysis;B4;
TAROS;Conference Towards Autonomous Robotics Systems;A4;
TASE;Theoretical Aspects of Software Engineering;B1;
TCC;Theory of Cryptography;A1;
TechDebt;International Conference on Technical Debt;B1;
TEEM;Technological Ecosystems for Enhancing Multiculturality;A2;
TEI;International Conference on Tangible, Embedded and Embodied Interaction;A2;
TextGraphs;Workshop on Graph-based Methods for Natural Language Processing;B2;
TIMBRE;Interdisciplinary Workshop on Timbre;B4;
TISE;Congreso Internacional de Informática Educativa;B4;
TPDL;International Conference on Theory and Practice of Digital Libraries;A4;
TREC;Text Retrieval Conference;B1;
TRUST;International Workshop on Trust in Agent societies;B4;
TRUSTCOM;International Conference on Trust, Security and Privacy in Computing and Communications;A2;
TSD;International Conference on Text, Speech and Dialogue;A4;
TVX;ACM International Conference on Interactive Experiences for TV and Online Video;A4;
UAI;Conference on Uncertainty in Artificial Intelligence;A1;
UBICOMM-IARIA;IARIA International Conference on Mobile Ubiquitous Computing, Systems, Services and Technologies;B4;
UbiComp;ACM International Joint Conference on Pervasive and Ubiquitous Computing;A1;
UBIMUS;Workshop de Música Ubíqua;B4;
UCAMI;International Conference on Ubiquitous Computing and Ambient Intelligence;B1;
UCC;IEEE/ACM International Conference on Utility and Cloud Computing;A3;
UIC;IEEE International Conference on Ubiquitous Intelligence and Computing;B1;
UIST;ACM User Interface Software Technology Symposium;A1;
UKSIM;International Conference on Computer Modelling and Simulation;B2;
UMAP;International Conference on User Modeling, Adaptation and Personalization;A2;
UNET;International Symposium on Ubiquitous Networking;B2;
UNIF;International Workshop on Unification;B4;
UR;International Conference on Ubiquitous Robots and Ambient Intelligence;A4;
USENIX Security;USENIX Security Symposium;A1;
USIHC;Congresso Internacional de Ergonomia e Usabilidade de Interfaces Humano Computador;B4;
UTP;International Symposium on Unifying Theories of Programming;B4;
VALUETOOLS;EAI International Conference on Performance Evaluation Methodologies and Tools;B2;
VAMOS;International Workshop on Variability Modelling of Software-intensive Systems;A4;
VarDial;Workshop on NLP for Similar Languages, Varieties and Dialects;A3;
VAST;IEEE Conference on Visual Analytics Science and Technology;A3;
VCIP;IEEE International Conference on Visual Communications and Image Processing;A3;
VECIMS/CIVEMSA;IEEE International Conference on Virtual Environments Human-Computer Interfaces and Measurement Systems;B2;
VECPAR;International Meeting on High Performance Computing for Computational Science;B4;
VEE;International Conference on Virtual Execution Environments;B1;
VEM;Workshop on Software Visualization, Evolution and Maintenance;B4;
Videojogos;Conference on Videogame Sciences and Arts;B4;
VISAPP;International Conference on Computer Vision Theory and Applications;A3;
VISIGRAPP;Conference on Computer Vision, Imaging and Computer Graphics Theory and Applications;B2;
VISSOFT;IEEE Working Conference on Software Visualization;B1;
VLDB;International Conference on Very Large Data Bases;A1;
VLHCC;IEEE Symposium on Visual Languages and Human-Centric Computing;A3;
VLSI;International Conference on Very Large Scale Integration;B1;
VLSI-DAT;International Symposium on VLSI Design, Automation and Test;B2;
VLSI-SOC;IEEE/IFIP International Conference on VLSI and System-on-Chip;B1;
VLSID;International Conference on VLSI Design;A4;
VMV;Vision, Modeling & Visualization;B3;
VNC;IEEE Vehicular Networking Conference;A3;
VOILA;Visualization and Interaction for Ontologies and Linked Data;B4;
VR;IEEE Virtual Reality Conference;A2;
VRCAI;International Conference on Virtual Reality Continuum and its Applications;A4;
VRST;ACM Symposium on Virtual Reality Software and Technology;A3;
VS-Games;International Conference on Virtual Worlds and Games for Serious Applications;A3;
VSMM;International Conference on Virtual Systems and MultiMedia;B2;
VTC;Vehicular Technology Conference;A1;
VTS;IEEE VLSI Test Symposium;B1;
W2GIS;International Symposium Web and Wireless Geographical Information Systems;B2;
W4A;Conference on Web Accessibility;A4;
WABI;Workshop on Algorithms in Bioinformatics;A3;
WAC;Web Audio Conference;B2;
WACV;Workshop on Applications of Computer Vision;A1;
WADS;Algorithms and Data Structures Symposium;B4;
WAFR;Workshop on the Algorithmic Foundations of Robotics;A3;
WAIHCWS;Workshop sobre Aspectos da Interação Humano-Computador para a Web Social;B4;
WALCOM;International Workshop on Algorithms and Computation;B1;
WAlgProg;Workshop de Ensino em Pensamento Computacional, Algoritmos e Programação;B4;
WAOA;Workshop on Approximation and Online Algorithms;B2;
WASHES;Workshop sobre Aspectos Sociais, Humanos e Econômicos de Software;B4;
WASPAA;IEEE Workshop on Applications of Signal Processing to Audio and Acoustics;A3;
WASSA;Workshop on Computational Approaches to Subjectivity, Sentiment and Social Media Analysis;A3;
WAVE;Workshop on Advanced Virtual Environments and Education;B4;
WBL;Workshop Brasileiro de Lógica;B4;
WBMA;Workshop Brasileiro de Métodos Ágeis;B4;
WCAMA;Workshop de Computação Aplicada à Gestão do Meio Ambiente e Recursos Naturais;B4;
WCAS;Workshop on Circuits and Systems Design;B4;
WCBIE;Workshops do Congresso Brasileiro de Informática na Educação;B3;
WCCE;IFIP World Conference on Computers in Education;B3;
WCCI;IEEE World Congress on Computational Intelligence;B4;
WCGE;Workshop de Computação Aplicada ao Governo Eletrônico;B4;
WCGO;World Congress on Global Optimization;B3;
WCISC;Workshop on Computational Intelligence and Smart Cities;B4;
WCN;Workshop on Cloud Networks;B4;
WCNC;IEEE Wireless Communications and Networking Conference;A2;
WCNCW;IEEE Wireless Communications and Networking Conference Workshops;B3;
WCNPS;Workshop on Communication Networks and Power Systems;B3;
WCX;SAE World Congress Experience;B3;
WD;Wireless Days Conference;A4;
WDES;Workshop on Distributed Software Development, Software Ecosystems and Systems-of-Systems;B3;
WEB3D;International Conference on 3D Web Technology;A4;
Web4All;International Web for All Conference;A3;
WEBDB;International Workshop on the Web and Databases;B2;
WEBIST;International Conference on Web Information Systems and Technologies;A4;
WEBMEDIA;Brazilian Symposium on Multimedia and the Web;A4;
WEBSCI;ACM Web Science Conference;A2;
WEI;Workshop sobre Educação em Computação;A4;
WER;Workshop on Requirements Engineering;B4;
WESB;Workshop de Engenharia de Software Baseada em Busca;B4;
WETICE;IEEE International Conference on Enabling Technologies: Infrastructure for Collaborative Enterprises;A3;
WF-IoT;IEEE World Forum on Internet of Things;A2;
WFCS;IEEE World Conference on Factory Communication Systems;A4;
WG;International Workshop on Graph-Theoretic Concepts in Computer Science;A3;
WGRS;Workshop de Gerência e Operação de Redes e Serviços;B4;
WHISPERS;Workshop on Hyperspectral Image and Signal Processing: Evolution in Remote Sensing;B2;
WI-IAT;IEEE/WIC/ACM International Conference on Web Intelligence and Intelligent Agent Technology;A3;
WICSA;Working IEEE/IFIP Conference on Software Architecture;B1;
WIE;Workshop de Informática na Escola;A4;
WIFS;IEEE Workshop on Information Forensics and Security;A3;
WIM;Workshop de Informática Médica;B4;
WIMOB;IEEE International Conference on Wireless and Mobile Computing, Networking and Communications;A4;
WiOpt;International Symposium on Modeling and Optimization in Mobile, Ad Hoc, and Wireless Networks;A3;
WiPSCE;Workshop in Primary and Secondary Computing Education;A3;
WISDOM;Workshop on Issues of Sentiment Discovery and Opinion Mining;B4;
WISE;International Conference on Web Information Systems Engineering;A4;
WiSec;ACM Conference on Security & Privacy in Wireless and Mobile Networks;A3;
WISTP;International Conference on Information Security Theory and Practice;B2;
WIT;Women in Information Technology;B3;
WOCN;International Conference on Wireless and Optical Communications Networks;B2;
WOLLIC;International Workshop on Logic, Language, Information and Computation;A4;
WOMoCoE;International Workshop on Ontology Modularity, Contextuality, and Evolution;B4;
WONS;Wireless On-demand Network systems and Services Conference;A4;
WORKS;Workshop on Workflows in Support of Large-Scale Science;B3;
WOSP;International Workshop on Mining Scientific Publications;B4;
WOWMOM;International Symposium on a World of Wireless, Mobile and Multimedia Networks;A2;
WPEIF;Workshop de Pesquisa Experimental da Internet do Futuro;B4;
WPerformance;Workshop em Desempenho de Sistemas Computacionais e de Comunicação;B4;
WPES;Annual ACM workshop on Privacy in the electronic society;B4;
WRLA;International Workshop on Rewriting Logic and its Applications;B3;
WSC;Winter Simulation Conference;A2;
WSCAD;Simpósio em Sistemas Computacionais de Alto Desempenho;B4;
WSCDC;Workshop de Segurança Cibernética em Dispositivos Conectados;B4;
WSCG;International Conference in Central Europe on Computer Graphics and Visualization and Computer Vision;B4;
WSDM;ACM Conference International Conference on Web Search and Data Mining;A1;
WSL;Workshop de Software Livre;B4;
WSOM;International Workshop on Self-Organizing Maps and Learning Vector Quantization, Clustering and Data Visualization;B3;
WTF;Workshop de Testes e Tolerância a Falhas;B4;
WTranS;Workshop de Transparência de Sistema;B4;
WVC;Workshop de Visão Computacional;B4;
WWW;International World Wide Web Conferences;A1;
XP;International Conference on Agile Software Development;A3;
;;;